<?xml version="1.0" encoding="UTF-8"?>
<project xmlns="http://maven.apache.org/POM/4.0.0" xmlns:xsi="http://www.w3.org/2001/XMLSchema-instance" xsi:schemaLocation="http://maven.apache.org/POM/4.0.0 http://maven.apache.org/maven-v4_0_0.xsd">
  <modelVersion>4.0.0</modelVersion>
  <groupId>com.vypnito</groupId>
  <artifactId>VypnitoCombat</artifactId>
  <name>VypnitoCombat</name>
  <version>1.0.0</version>
  <build>
    <defaultGoal>clean package</defaultGoal>
    <resources>
      <resource>
        <filtering>true</filtering>
        <directory>src/main/resources</directory>
      </resource>
    </resources>
    <plugins>
      <plugin>
        <artifactId>maven-compiler-plugin</artifactId>
        <version>3.13.0</version>
        <configuration>
          <source>${java.version}</source>
          <target>${java.version}</target>
        </configuration>
      </plugin>
      <plugin>
        <artifactId>maven-shade-plugin</artifactId>
        <version>3.5.3</version>
        <executions>
          <execution>
            <phase>package</phase>
            <goals>
              <goal>shade</goal>
            </goals>
          </execution>
        </executions>
        <configuration>
          <minimizeJar>true</minimizeJar>
        </configuration>
      </plugin>
    </plugins>
  </build>
  <repositories>
    <repository>
      <id>papermc-repo</id>
      <url>https://repo.papermc.io/repository/maven-public/</url>
    </repository>
    <repository>
      <id>sonatype</id>
      <url>https://oss.sonatype.org/content/groups/public/</url>
    </repository>
    <repository>
      <id>placeholderapi</id>
      <url>https://repo.extendedclip.com/content/repositories/placeholderapi/</url>
    </repository>
    <repository>
      <id>enginehub-repo</id>
      <url>https://maven.enginehub.org/repo/</url>
    </repository>
  </repositories>
  <dependencies>
    <dependency>
      <groupId>io.papermc.paper</groupId>
      <artifactId>paper-api</artifactId>
      <version>1.21-R0.1-SNAPSHOT</version>
      <scope>provided</scope>
    </dependency>
    <dependency>
      <groupId>me.clip</groupId>
      <artifactId>placeholderapi</artifactId>
      <version>2.11.6</version>
      <scope>provided</scope>
    </dependency>
    <dependency>
      <groupId>com.sk89q.worldguard</groupId>
      <artifactId>worldguard-bukkit</artifactId>
      <version>7.1.0-SNAPSHOT</version>
      <scope>provided</scope>
    </dependency>
  </dependencies>
  <properties>
    <java.version>17</java.version>
    <project.build.sourceEncoding>UTF-8</project.build.sourceEncoding>
  </properties>
</project>
